0x53B446a2319216e2c38f7D3De54C6203A976984D,0.0015
0x8df21d0B3AFFE3613eE2D1ee34609992b698a92E,0.0015
0xa0182d8217a2f600118dA70eaa70ea30eF2D27Ec,0.0015
0xE8290513f2D879F70ff715973ca1793A0976FdCf,0.0015
0xE362604a3B326bfad5839C81B17db5803980DaCA,0.0015
0x156A9f848A6d17999C0f9c08855290fe9A2dc02E,0.0015
0x5E4aDB97F77930eD45353F275dfe6f3Ad03d578c,0.0015
0xa54Db5a995147e441AEC260603D22D3BaA8eAC9d,0.0015
0x3BB3EEb13f87D54b1BF9d55Cc98A22ea48a75399,0.0015
0xA9B724Afa6B70762f80EC98623D8E420Dfc2050B,0.0015
0x631Efb62A52e8C1Ee1b16E000C180FD21239c6cC,0.0015
0x58023F8a269bEDA4ed98B6E30f1B6f9b50C3c7C7,0.0015
0xEf66cCA3f3941454BE2C2Ef1613D7B47699714E2,0.0015
0xecFc166385e531850C926F442Ad87670dA2140e3,0.0015
0xf74eabe452F94A9841B5c75cCAD1cc4e311eE9f9,0.0015
0x72597986fbd8942Ff2CD2e0A890f035e3f1Fff68,0.0015
0x98d5B7402101BB7a226e50C10c4998A0749273A0,0.0015
0x2f96ec07a8d600029Ce8C89eE6045013A58F9F59,0.0015
0x69051A8707D9cDf7a1583161743A24c684a874df,0.0015
0x4b4eD9A56Bf2609508ab6DB22e93af56f4c6dAb3,0.0015
0xA41Fb21cA00639529301992ca4029E18bD2B7bE4,0.0015
0xCac95dc882C69036E8e395AfB1F545A8f326ECdf,0.0015
0x8764948846D3b2ca0642B5a4E12eD7a1484f56DC,0.0015
0x3D4468Ca18A25f297995eEFE1Ce5eFfd0F6FD592,0.0015
0x759B7A64DD33dCd227Fad3a6F39f68949E419b76,0.0015
0x48e59c27F58C3077B2c4864859c356aBD5Ad805C,0.0015
0x9A455cA00e7Bb17b7EF1997fF22789900Aa4022d,0.0015
0x4a110A97F9E3d348733E3F8966e750f9749ED7EC,0.0015
0x5C5f1e1FB9E5238F95C43ce6De68A5777C44017d,0.0015
0x842AdEE122f7014B188CBBb746a6BE6FbB1e52df,0.0015
0xf9a1063888e416526e4b990a133aFf058BC85df3,0.0015
0xaD8c1dC69351b0041FB5c1f5ef1a7D850A162cC4,0.0015
0xd4bd1b11cd4e841c9c7ef259DD61d64d1CdCD2F7,0.0015
0x2c6c2Ad0B7381926564109747edD914f482F1426,0.0015
0xc5d9B3De4E7DDe6990AD971C246DdCa28400B5a0,0.0015
0xE50FdB96883e8a065F271Ea463f6894d2FE41544,0.0015
0x63E22cDF5425436af9e6134f031145d4621Ea528,0.0015
0xD644881Cb6FB6fD248049431c1C0De6Ff66Bdc04,0.0015
0x9C676c3B58E029B2ffFC43068C5B17a51e4c77dd,0.0015
0x6E653939fcd0518B444E19973b0d56Ce9d779084,0.0015
0x385F570ac01886790A0307f1b66d928490a1b518,0.0015
0xc0482F322699fB6d04e06ce00Df38C113F9BB5C7,0.0015
0xBE98d3B0c23e497D7a251D127AC17eFe2f66E42D,0.0015
0x20FC6649dA0576C4C0CDA40e6E79dBa9CFB84904,0.0015
0xf540b16cD9cBA3d808FD013390499E04fecd2c5a,0.0015
0xdef082aB0d2C83FCC69eAAe8bed14837DEC4F7CA,0.0015
0x251Ec05EFb2aD1F2b40390C69070fA4aD46B71e8,0.0015
0x36894FCD50951c9bDC88e8BF45885Ce926e1A290,0.0015
0xCAC26b42d6839B2E907225A8f53276B9d6f16879,0.0015
0xF6c74625359Dc0e4446ce17532875c62BA132402,0.0015
0x7204aa4522dDcFEb10Ed4CeCC8B2C55b86DacB84,0.0015
0x30cF9f9C541aC12De3C96ab4Bd2b75A751Ed4B66,0.0015
0xfB2858E34161C591252C079f1DEF760C2f1E7E09,0.0015
0x56ff1340F9380A63a47e6f474F2912eFeBcC694C,0.0015
0x4E4f19DefE8B8dDdF8c96DDfee2EB7a3a1E999a7,0.0015
0x75974C3D5B384001f118248220d6d2774598EBf1,0.0015
0xe5fE4e1872Bc29B30EEE79B89a2c9A41bbd53391,0.0015
0xEe2f303ecFBAeC27bE52fC37dC81600e86D5016d,0.0015
0x2Ad7BCB24989d0164006Fa8C5054c61e0a2BC418,0.0015
0x025b3AB579D9c2E8d7fBb607EE1ce9A51a83fc71,0.0015
0x8fE9b81406488adB8c60665103215e389059406C,0.0015
0xd750b7E1D289a01C3e12d7B16C4ecFAB84AddF80,0.0015
0x42a8ac87A4943dd228e40bAFa8C4dD6d1B814Bcf,0.0015
0xba6A25e7cB7d621463F9A43b573dEfaDb24Ae15a,0.0015
0x0E3547B5e47dE1D2470e776f80270ee9767432f4,0.0015
0x71d51b6572cf448aD5C3a4354B40487971303712,0.0015
0x4a1cf7e7bd853cb571e1726992A2F7815BefF50F,0.0015
0x852Afad92342B2EC2Fb9F2B1E250958491824E95,0.0015
0xfaEC02a0e53a630fcf03BA91A825203e486f0d4B,0.0015
0xB1fA5CD42df4a301c2dB04B5Cd5d669d3e15d200,0.0015
0x83F528000A89971af745998A49a4C83385277618,0.0015
0x19FDAF73286EFF2a212a0D10c0609887814c7178,0.0015
0x3dc1D824aC8Dd51a4A55ed483388e289A68b7A85,0.0015
0xf06D768CC7754012cB3ddC5086d395fa0943B3B4,0.0015
0xC16fA2CBD20cF7F4837B3593a0a8745A7f7F5e31,0.0015
0x20c4910E9F2d718D36D4CEba4F176Fb1f54D3E0B,0.0015
0xf21E332872bD26Ee21321C8b8D62F01ecDfebeCb,0.0015
0x66d5Dd3bcB92577124A285a57b4C13938b02e2cE,0.0015
0xb807ef2f9E2E26254a6c8223ffbD0Ab579a52e3F,0.0015
0xf60aE6F3f19334876727D5D5776760526e8adE1c,0.0015
0xf8836304cC90336299F5F532629C1C5A0eaB54f8,0.0015
0xE7b04eD66713d2B308b9d732290769ef79911151,0.0015
0xEdFE9637016a709569233aFbE967f41fE5ef8F2c,0.0015
0x045B31DBE336238C6c9aD034EAcc010F9A990877,0.0015
0xFB5cFA57D61Df2B72025130932156c7259AC9986,0.0015
0xdeFE55650cd194Ff84413a86497c1E0eFE57e231,0.0015
0x7F0aabe6E44c43AC44bd6c251e562D38b644b4Ec,0.0015
0x34a5944a17c8095c9280af2324A816B1a65D850c,0.0015
0xeed62E29E99b8680c462FcA9093321c443A7ba97,0.0015
0x64AA0FCf3E08E6b234dac3118FbFB9444ebB2912,0.0015
0x12c8CD3e1d27ebA0B14D4b929407ca73C6aAdf64,0.0015
0xEeBE4895Be972b46a4E609ca7217F2ae1CE3b18d,0.0015
0xbB826EdEAaa9647Ce33179AEAc126f99Aac26eED,0.0015
0xB6Bb7B015D6CACC33e690bd2E882DB2c5ac8C183,0.0015
0xE6e52fa5226e764d91546b2d72356Dc006FB5Dd7,0.0015
0x366CE92378156B927271dFf36BD617951130F3c2,0.0015
0xD30d6D46474C65FefdFF40c585390Ea536f0e513,0.0015
0xc255f5D36a1d79a3fDC6fE7c54979a3F1e5E9fC6,0.0015
0xd4157678779ED318cF123741609895515dD88222,0.0015
0x601851C7C36D6d2418B7c24a4A7c48673eb991a7,0.0015
0xEb103F807b1De8a1668A5BbAA621dB7c056a34CE,0.0015
0x031c1533a8c556eb3B7feEaA559bAB04FF76CAB0,0.0015
0xf7769a5854D6dF78BDd135f67DbA7a83981001f9,0.0015
0x12D51D74eF6B75b778C906B0f203c67279ee2596,0.0015
0x568334C6d9e87650a612449E5FaA67245BbdF3Ac,0.0015
0x0277Fe2E6cCB6c31F9Db9cf0e75b63977C0eDF16,0.0015
0xa075646C39401AA4c107a64CaB0BE0348Fa492f2,0.0015
0xd07CaAacB4c02e9EBaf9f02aF95AA0577BBDaa50,0.0015
0xBD3e4dCD43DCecDddCc7f5c2c2f3F68eB970AC10,0.0015
0x338649154826a6b52B4d99f0e1A234952E465ceD,0.0015
0x7F490790BFEBf058D9ec747a562e17D75F47C3DD,0.0015
0xE933999e533BEBaC39b27B08C78C06EBe2143b97,0.0015
0x20Bf73A4dFc14Dc9684253D4A5cAc3E7042FA91E,0.0015
0xEE457693791968289ea464C4B53CF0D1EB6253c2,0.0015
0x917A0ed284975674a9aa6F8F14715FEc64548C93,0.0015
0x35A4393B50C35c8449aB62Fc9ed8787DeAF4811B,0.0015
0x897c3b32D26D6154f5c4f8eDf97792762C8cc5F2,0.0015
0x8a0701215CB21B34AE3Fe6cefdE476fD32443A0a,0.0015
0x2315A178e06e5f9e6a23ff0e0B6aAa72DA00d725,0.0015
0x5672F4f0d0d0D9C6d7eB2bBba2B6809462255828,0.0015
0x45eBbb8a1E37Acb7ce4257d77aca4F639fe30E81,0.0015
0xeE43582BD611f166Acba710071087a0ab5de087e,0.0015
0x1A18f5eC517231F587ec31A7A1834801D1142ce1,0.0015
0xDc0A2B607712b429b4C25E23226de9Bf765f0f13,0.0015
0x208075e764E32eA645096b17D0deb61C8A95f9D5,0.0015
0xcE970E7080400dB47E55bBA6D5860f2275367fbe,0.0015
0x92250a6Ad4124512aFf9A9fe34bedC48f98634Cf,0.0015
0xf1FAAA706081FeA63Cca31a62e8a97028ffA4C68,0.0015
0x5A9621539Ace20060bCd5CA899bAEA638591c5D4,0.0015
0x5F48017Aa97a877219Cf8D6723738E10bD0F64e0,0.0015
0x7B85527AB271Ba828C6cDD48B80113026f07D012,0.0015
0x310c8B7f7632261828e3092D595E4c3F05Afce61,0.0015
0x83c948f111edeca185FBDb97AC462cF38Ce831E3,0.0015
0x6cB6e4E9c332D89Eeaff77AF4FeeE859FA07F129,0.0015
0x69138244Ca6d1AFe62406b529d88E2C015966D38,0.0015
0x9B04eeFC80Fa12DB6c49c87E4B7E89DFf76e28A7,0.0015
0xfc29b3feA5D41b333D72bdCc15F629DDfEb053FF,0.0015
0x746c8F33375bc406b58F323d9bfB5897Ec4BDF59,0.0015
0x5c3A6023f50E474291A98d88B40F467f1267D9ba,0.0015
0xF0E1a07383A1A67A0a37A38c397C2C91E13Bda46,0.0015
0x90aDb214fBA9034081020b75bc6477194E5815E5,0.0015
0x958c6666BCaC497507F9611a1a37c2BD1A62DC0B,0.0015
0xB576B4C6463f8e185C99C94c198591b654B2E9ff,0.0015
0xCB082321991471Ce0537Ed5d816aF71c3905d999,0.0015
0x12dDf0B3838eeA66AA9b11e1998eC615b75e5B7D,0.0015
0x9902E88c7C0807d1AB8DD0fe22FAceFB2FeFD98a,0.0015
0x7a5AE19a62096E98A29988D96194ddc9F2Fbc04a,0.0015
0xBaFE4a9c8736d33AB9582A67214d0F3B772d66cF,0.0015
0x4BA92D42a9c23C15Fb96ba673A6c9b4708Be97c5,0.0015
0x27039DE4E4cd12a2C6839a6C641e6706729D6Fb8,0.0015
0xA02116B3885329f0CecFE6f4c6F1879B54966f50,0.0015
0x4aE2e1BB98ed431fe7bDC6E6B3B2cB97f43C0fa4,0.0015
0xc73BD90b69b7Ed6806c1d5d6DAe5f1cFA563cf82,0.0015
0x609c85611514eae53da4D70653A11D9aBf8B0AAc,0.0015
0x021AcA7DB173642cEe7e170e68427b7e81f28ed0,0.0015
0x1594EF9B291c428C1DA56b3daB28B8e1feE7f66C,0.0015
0x584bAf60E73a0AB911B31b5c9B885B29DA60624b,0.0015
0x969aCebB9f2eA34f8522ad220A218C3A8766AC4f,0.0015
0x61D701F9B59844BC481B04D94a774379879233BE,0.0015
0x5B853a839A7693FcC7a9b9C1b9d672916219860D,0.0015
0x84e49d50128133e7e0a839ffA665FF34e398f297,0.0015
0xD61FBd8239bE166044dB6e5CA23DC18c4C47c4dF,0.0015
0x09aAF78B6FaCc416C343Ed804C18A188355870C7,0.0015
0xf3805B630e0837a5D7BfC6518BdD8A7f5531B249,0.0015
0x518797cB9c3bc2C7d9f3693ee46Ef3172A829F3E,0.0015
0xc99E5d1122B7957C3A7086750cC6226E573b6Fd5,0.0015
0x1D3B9F51a3784015C2B62cC099BF3862bf271bF7,0.0015
0x466fd011eeB4cfa9fA9e31096d393b90cE8aff66,0.0015
0xe10dF21B8738f271361cA22104A6aBFDc912348F,0.0015
0xE281c43d765853Da0360FE24e70F88F2CA754e87,0.0015
0x3FFaA85F9796d5982B6c09F899F392d946A35543,0.0015
0xF45e24a4abaCf0c202ACFE488daa1D96Eb9AAfe4,0.0015
0x4991060CcF19a85BE8Ac902F7ef4816c68Afc190,0.0015
0x2CDE6Bb5FB86F050758c0bc4F194BdE3AdE5186c,0.0015
0x678086f5a4B8B38e90A284a80fE0fc6ea7659789,0.0015
0x23ed3D6eDEd6D35Cd1979CeE75D3B217F6f1ae00,0.0015
0x491597fdEF0Ce885eA0Ff60E163E55a68a885711,0.0015
0x702Ee89b75d102984AA56cd038C1f31CC7922F7E,0.0015
0xF9c64A23cf240486243171833Db8640679D28f57,0.0015
0x3E8ea58272B156D776286a2d66729A12C21a77C8,0.0015
0x217827eEbcc5a57F2E8B293117CE6aF1EE689A0A,0.0015
0xf0c1a69866d07bbDB81aC102d629dAb5f73934dE,0.0015
0xbfFc6ea304aa383d96B5752F77AF19D01E753078,0.0015
0xAb12Ecc62b109CDB5E55FC987a8Dc15e893f0961,0.0015
0x39F2530F5D7e73E7eaF663EC143E7Bd812F83307,0.0015
0x8909A23ABe27Fb319d7fA00aE55686AAef7642D4,0.0015
0x3581509470ACeB728D65ecdF4b13E92486474e4C,0.0015
0x5386E373f9F05382A12Cf92f3B73c744081E6d2c,0.0015
0x3607809106f91a9ea5855F23D834b874A8883a27,0.0015
0x279c6753BAD7a92E9E90EB994Cd6145b677b62Cc,0.0015
0x21c0F967d344F38fA2a2EC430B9B5F73d44AB4C9,0.0015
0x7124563e009942060dF401a693aDE27037D27089,0.0015
0xFd2e9A103eE25795dcDcED82817C9166bfae970E,0.0015
0xC3c88BeA3cc0557156a06434F1Bd372f21d0CD43,0.0015
0x59FC6BC9BA57A9a12758437F4cdBBEE9aB1A82D2,0.0015
0x5fF81852d1B93599821b0a40Cbd3f2FFb4e598F8,0.0015
0x006Aea16f855e55ebEc2e897a62d9cFF1C3DE7e5,0.0015
0xFCAFf936Bce2D416F6A99080230997F4Cfc6e061,0.0015
0x4D8fe0e5ee23Ad4D7075Ec0ad8b27f3945B18882,0.0015
0x0805771fD997039a9505424DB2f8cdf3e18EF104,0.0015
0x8f2aCae9282C8b8082E1b7dC65d8C57E7889DD8d,0.0015
0x4cdab9b60e17A9972d9710EdcD603023eC14F083,0.0015
0xc3364f69ed5449f50444DA61BBaB707b258f3f1a,0.0015
0x6D7E9168B6b7F2160D3086bD93EF830E2f0194D4,0.0015
0xB2d1fe75B205e6b1fAD6d38112237B2B5b5107b0,0.0015
0x97c358a1F6dd2647Af73c17966129DDd8bbF1B63,0.0015
0x5eA66e54d2AA8e9bF5e0Ef9c597e2984161C5050,0.0015
0xc09b544E3Ec2Cd53deF03960FDF0995239AC71CC,0.0015
0x136D41D13E8Ca89ae3A4E302eB80De3bC45efE8D,0.0015
0x2eB9CC129FDCC9c093BcE0e650FD607467824f54,0.0015
0xc8c119bF0c565b312e9e372735C7BF796EC28D08,0.0015
0xdb8526Aa780a71EF3a79C144a1b16c6D52BA783d,0.0015
0xE11Fe6D945C62FE3921c9c9095C68E6bC561eF74,0.0015
0x4D0e60AA1bf96Cc10625493d1A272C060EF428E0,0.0015
0xC643885f2048712862295B6043C515C1443D21F1,0.0015
0x1F0b75a2A19A52Ce2cE8f3e89Ca8b37522026c2f,0.0015
0xCdf9918f2F13aEf529d6A9c2bAC9E58b51d38B5b,0.0015
0x13DB033846bba0eB4863358147C3EB4A8ad73962,0.0015
0xF4Fdf1d58C964922D052a2a73E8Cd2653491b19C,0.0015
0x8CA992C1Ffcf400e42DD56f0722a30AC880Ffb05,0.0015
0x07d3a68a7d405b938a8e9e16151fCF706C15CDef,0.0015
0xd0157f5e9f83ADB0BA953FcBCF5B304D70f2d509,0.0015
0xb92AFA7574ce054c801224ED01FA0138584D4234,0.0015
0x2638efeC6C3d69cE5589c5b88363d320b397fB1a,0.0015
0xF85f3472C722f6855de8b9F90b3F76d6cD4680b2,0.0015
0x5d282Cafb196C43E8c7462D2639Af2f60f6fFCbe,0.0015
0xD707F5644d5c53B40368b3b8B6431d739db402e3,0.0015
0x5Cd66dFDa6961E26982985a875488eC7C4e8c888,0.0015
0xa43ccEf95d6b8E5Cc354001eF7D4D929341FdEeE,0.0015
0x5462dC8C5e28E4cca88D157bb2ada62cBcf282ac,0.0015
0x212A4FEDB0C98162496e5807FE7e8c59EAa89aA4,0.0015
0x7283b11a37Bc40f25c27960e51ebfFb721b503b2,0.0015
0x8FFA918f70bEC0e770E1C30149D2D281A5AA4e64,0.0015
0x36C38bD440370bf579424E19B764e85Acca89bAF,0.0015
0x66131d1CdE558B89e9f241084885E1cABE898699,0.0015
0xB3414D26167f418d10482e1695d44187aB44652C,0.0015
0xc95536b4adA8adE814a9911057BE470d47897CB9,0.0015
0x3aC9ffA32b0C27D444D2684E6105f15b0c3B2e27,0.0015
0x533284bA4188c087011E29b21e80C8E55dE67305,0.0015
0x0Bd3ECb8113084eE5D55Cc4eb8541FAA20DcE724,0.0015
0x1f52d32B22A97b3731B1fC661024406179A2c451,0.0015
0x5a9127887F640cEdd9E2dbD449b7Ec1aafB503A2,0.0015
0x942b04ccF7A684f7ED1E0C5cf14eb70d0F083DBF,0.0015
0x95bF587A7374F5d9bef2793f4D59bA35A913D11D,0.0015
0x0FdF5578509AF487cEea8F7146805BEEB1Fac278,0.0015
0xe25F241Cb1A0688B7efba749FC1D038eEA375f55,0.0015
0xB93DD4F71FD7B6A7a7049271c3E38E9e5635CA28,0.0015
0x1369DAFf82Cd168740422aBeeDF4Dc17aD7552c5,0.0015
0x9B11a4917293a4c001c15468012182FbB7e4bAaD,0.0015
0xf47b73362D731DE0ED5D94572BBC3012C4247BDC,0.0015
0x2801E2944ff6a13bB1888e4046049a436f3cCA1B,0.0015
0x5D90c5718E81F693C22619D3cc7D5445c038c215,0.0015
0xEe80967C24f9C6009A53BA1045ED89549780bAFF,0.0015
0x9845dA363751A1dD66DD906142DDC3ADD40ac257,0.0015
0xc492CA3C0A85aF7E361e1509a8202cec74CEDeD3,0.0015
0x9F1c8C3986F31b8b110867F5CdcE5751b1fF26B3,0.0015
0x38b6F8778Efe5B35BDd143b8b393F7F70E8C05F5,0.0015
0x33350BF54A1725989C41dC50101BB81ec380EffF,0.0015
0x43bc9c96445A415C0178150c368931954D7B66A2,0.0015
0x55E961948aD170160d16e3f1b922a0A968ec8389,0.0015
0x1a887fa4F8EBAA8842d59614bbB520adb421AcEF,0.0015
0x810A9720FB1d0E512F4234737B3389D4dB238226,0.0015
0x8d186D55Fc4E136958b7ADd1A2716eEfBe014feC,0.0015
0x57e54ab537BB54aB4cDb85C21CfAaB8186aC845D,0.0015
0x75DE78758F28b35320999dA74Cf780834E22ADAC,0.0015
0x0f84aF2eCd6C3d268F768baE844D60904d73b39d,0.0015
0x5209EF178504C7725EC483800e95D13Ecfc67629,0.0015
0xfccA8e9560Bd242922F40c7DC359f479daA698cB,0.0015
0x27BFEFE6cef17aD13af740C630044E01E4dA7A46,0.0015
0x1Add39124fDd8c9C2C46E4bCCA695bD81e0c8985,0.0015
0xFEDE886A55dB37f5e967221bEcD59c4666Fec4f8,0.0015
0x09638B9a289ae5a7FAB93d1e20443f62Db161183,0.0015
0xd4Ce98A1F398DDdccBcB3c49A630AE4F09B075a8,0.0015
0x0fd1598C48c1ec6fBB5934f9191E8506dD9f0A55,0.0015
0xaf273EF7118e3825213d64d4CCEC69C8Ba5225c5,0.0015
0x64A7C08D217f707555B44411107Fef9B3E0BADda,0.0015
0xD2B41006f0E4551Ed37681D499C6F3f49C9F291E,0.0015
0xB1d739CA2494a2F6c8A82069EeCfa73996CA4d2a,0.0015
0xB87134C6acAFD945643466f40eda768fDeeEc8Ad,0.0015
0x9e91F62f04376Bfe54d599df1708486363a7127A,0.0015
0xdAc5833530a675A5b25f5189E9577150dABE2F6d,0.0015
0x585A5Da317C2A76e304b1796FFffb900F5821833,0.0015
0x204Fa192321130e680926b70583f6ad68f99BbD2,0.0015
0x43C8A102C03e589D5Bc6cb18A120f301eC497dD5,0.0015
0xDfed3a8F45b506283B1B16F19AB8406BA3121a66,0.0015
0xe35608D75fc0c66Cc61143C8814B8F1A935985F4,0.0015
0x659D443F88623D9D3B1Fe6f75012C00e935C8Cf7,0.0015
0xa04639963871c6Cb139085f4BBCdfF0CEd3C471a,0.0015
0x3A7309eC0208008A05b5AEDA20D297a44a1f4E4f,0.0015
0xe934f018413C0eCE737EAC36EA977Cf73Dd85A35,0.0015
0x20A56196a4b8bE092f6857Cc749CA77A8c9A91e5,0.0015
0xAcc8cc06d47cE02388750e152bEB27FAE761BA03,0.0015
0x36DdaC18f421313F59EBC1DaaeE8eF227B951689,0.0015
0xFEEAcFB812f5025573355823e4Bb5f06eD3EA989,0.0015
0x05798219E7EA5CB376aA6F6a1555b9B52e3c0c4C,0.0015
0x9710EABB3444cf16965f3e77FE171f210bebeF98,0.0015
0x2C5e392B21EaB3c5D3F57759AE20459c0a9CaFb5,0.0015
0xDc17785C52F9850a8d2D0021F6cb775D4C4A3125,0.0015
0x0c623F030350b5cEDc567a1900d0e2819E137dfF,0.0015
0xB8284b5C7a758f9d5E676dab692CAcD628C5cFe8,0.0015
0x5D97b83948AAB643059E26Bebd24BaEed381Ed03,0.0015
0x5a6b2cC3c3D220ac0a4649313ee4F4E4a26f6b28,0.0015
0x7163ba18FBf7b7666675c5c1704527EC4D40f2c4,0.0015
0x5960C6f8273C3130Eb6c40daa5aEB1E6b553E1c3,0.0015
0x1BCA3654d830D9D12ee448d6998063Cd016ae381,0.0015
0xbBA624Cd79A42B4A84a148BB59Cf6DE51f9405E0,0.0015
0x7a0d98F349DB1c4456FFeBb1b09275e75EF6f9e0,0.0015
0xf4a7B167efb4bba63E75D98E6218297E6fc0AA44,0.0015
0xbd7D0A17Ad33b632cb21F6d08Fb13c98Ec8a1434,0.0015
0xf56577255B716F48918a01feB28d09cEdf80C721,0.0015
0x4fA5125BE0805D94ac7eD87c455933DEa51F14D3,0.0015
0x1733216b855861f3DFF5fbB15C7ca848e730C16c,0.0015
0x435F03e9D0030B3Edf02Ee7225DBC6AC3Ea704a0,0.0015
0xBdf67B535D776f47dA18794E1b508B4cC012294c,0.0015
0x959F221b81a3c7f4031d837493CE9eca7342f5F5,0.0015
0x4fbD13c28E916C26202a5F5d092311ECc53B8cf5,0.0015
0xA1e4045Acac97C80a4A013181e9F64dCAFFe4Ee1,0.0015
0xadB369B63CC5846378d67e4455abED7C17E4bC13,0.0015
0x34F0f4107A11984BA5EAe2A574cF0bBDe17Ac540,0.0015
0x6447970d9ebd866F8dc3fA6d33B95E7D167Eab00,0.0015
0x933e893625705854571ea36D50BA359f13Af38eA,0.0015
0xfFE5A2609c4A4De38D7eD07FDd0Fd1b9f68301Ea,0.0015
0x3a2e3871FdC23f1950F2096AF2e954C6862d6922,0.0015
0xDEa4919e6A9Cf9d7C5E8480757aF396967E0e277,0.0015
0xf6Bcd122ad01620F5a022c92f1DF19Ac06Cca2a2,0.0015
0x7F4dB775291ce1bBC203e282f24aabd53dBfC8f3,0.0015
0xA3f5F7C38B9394E5DE13616EdA60E7206478BE6C,0.0015
0xf5bC754D10BB304602fA3942F6692Edb38cbcdE2,0.0015
0x374B887B3917a441Ca86721224368986658894B1,0.0015
0xcd2708e44BdB1354E62dbbe4819ff09020B63313,0.0015
0x60DedaA859eBB9fb0723046b562bc0C9b40df06E,0.0015
0x19f16335801e0e16Be49ba06ABbCbFcc57D976CE,0.0015
0x874AD0897BB957D9456790B11a21351abFe0347b,0.0015
0xDAD8586fa04a9F3394b5845b5fe952E4B22436f7,0.0015
0x42aE0403205d60b1b87ad9904EaFcCFd26c50aE0,0.0015
0xF183050ECACb2787b1bA82A7350DF502E5541273,0.0015
0xB83a1d700f48b3faAE51D0cC622CD08fFADDd5C1,0.0015
0x651E29e08cd9940eEe23636766A4bF7ddcA85658,0.0015
0xB8f1d8E6696e110639B5Fc2c0695Ae938F0EA542,0.0015
0x334c9C00e8b83AD56d6f4F11dc57830b94DEac1c,0.0015
0x67eD208B3C806f13061133CF5A1babf29884BdEb,0.0015
0x110A8902EDB406890766aaEd5B64B5C013357844,0.0015
0x1700d64EdBCCc7CaF379BEAB7F91BD7F209D2717,0.0015
0xE285e0779Bb31EBd2EbAdA6157258dBE03cf2BAf,0.0015
0xFcF6a271D797E758945a3E2c080eF063073f8338,0.0015
0x3D77A2a352952A8c0D94Dd93b6F76708ff05cd31,0.0015
0xF3FC8c7e7B5F7aadEd419714CF0f8C195A10c7fa,0.0015
0x4C600bc7145c0b2De02342a9c48182a0fb639543,0.0015
0x08159f3EC15B06b0aE8ED855FFA17631eE88dD3F,0.0015
0xCbd34fA60ef9D3cCbe4014Fc56CBd00efA00A2A4,0.0015
0xc316c718F83a5EB9c0eFf440dB3Ae749e6c86e64,0.0015
0xA640e3DB6DA1c1c51Aca6E4e06244264Ed610e2E,0.0015
0x52a2fE6675421C8AD23482c127D67a89D262794D,0.0015
0x503C7f6e9Da88925E7fcc233fF11C355fb809a95,0.0015
0xC46544770A41350d9FeFeE2A268642d92D2ef13C,0.0015
0x7A6012d2A9dFcd5d70a97ce46d40633F06777394,0.0015
0xfD9520161bb0a0Ad0a626CBa6494EC3df76A2656,0.0015
0xE1164416Bb6a66cdE35eB137838cd5670b7FCC27,0.0015
0xFd12d65BC13F29C81E2Af14B594674C9B83D144f,0.0015
0x062F95825FE4BDd6733476E16Ec44845E19B4125,0.0015
0x5D1FBf89AD0a480F538768132Cb898070361F79d,0.0015
0xDE3CE61076E3DF4020BaB8Ce68f25231de7E0d2B,0.0015
0x3bcc29aAec7b00E3D987484550e61DAafBDF842F,0.0015
0x1Ac0152Ee7E23f171677e3479Ff3A1145C2b1E51,0.0015
0x639b49d197696bA20B3dE92865f5b98eF2af82da,0.0015
0xb961A309FB3FF9447245A8521dDCDD0d4ED2aF39,0.0015
0xd927754D870AE7303128848c639851a68394a8ce,0.0015
0x4C832D079D0502F7d4d949831678FD8739f4e428,0.0015
0x6e368b31fFd8A5542151f9C47C1083F06Ce7EB78,0.0015
0x94683BF257c245f68617e524c7B0D79551fdCaCd,0.0015
0x04FB9FD40eB99D31Cd6c8f79D446c83559453e72,0.0015
0xcE134D968281354881e9015dd8ed5dA237E34648,0.0015
0x0071b1045D6De6D5153eF79da7a9Ae3f9fF26CF9,0.0015
0xBdDeb95396BEF3Cf7b2c12bC98E27dB45C2b6d39,0.0015
0x5b1b64bE433bF880cb8d3A6180510e53293366E8,0.0015
0x3FE27F637339B9FDB8A41Ef10Ae3FB2ef91A2D10,0.0015
0xEFd82BCbC9C4d905C3879d2442872EF8fE59c679,0.0015
0x2C2502cD2f98007CBFcAe4f5b4DDf97Df0fb718b,0.0015
0xb3c46Fd920e2DC2ED94453D95F37Ce1290712CC8,0.0015
0x21f1F30D321dAB04850D7A17e97dD9D6b1756446,0.0015
0x1063a7120ed411a06c96eBA113f7b9FfD37d3cc8,0.0015
0xFe861B0f10D45C4Ee0daA7e194A723b2623186a2,0.0015
0x67D9AAC370cD26eB2d2FC86155f407e1A1ceDa64,0.0015
0x2E7FF82a4323706619cc9911fFEa9CFafB80Dd97,0.0015
0x904D0cf6aDAc15e54A39B1Df9AA82B353572d7d4,0.0015
0xd663b37cE672EDeb8eea92428B4BB742E9C90E7F,0.0015
0xc2051De29E7ed3dA4757d0Ef07cBB0bbbDb2Bf39,0.0015
0xa83CdA95B6dD7046526f4Dc2eF4b61f75c8D3867,0.0015
0x50A86B7Aaef82ac282e3f65aC51a0A61fa5599F6,0.0015
0xBD68BD587b0FD1D108Bf71F9017871f3FB562217,0.0015
0x0D889692889629E23Fd9a78c47c962509769A7cf,0.0015
0xEA741413058A4151140BCef13C2A2fA312620e44,0.0015
0xF60C9b15ea1A17908442E8315323cB4740721221,0.0015
0xA0c23856A461799950E36C01D5f7136b0eD53AE5,0.0015
0x04e2f6cE1E40bceba43f7b1Bf35a2A44006B93d6,0.0015
0x454B72824a0aD9D21C8a36D5552064fA4df23bce,0.0015
0xF1b5D1734b8d43938F0D13FfDF72c1a3De6ed81d,0.0015
0x4f4b1b26999bD0fd7AF9c47b46DACeD91793d4FE,0.0015
0x1F6aF3330441BA3370FC4Beafa31f48Dc30A85fE,0.0015
0x94919AAbA702098D23e16a108D92E0F47b422d8C,0.0015
0x5955e44c67D3d8129E98e9DEf0dc31e0DD611992,0.0015
0x989573aDC0D7c5542137c52a139509d38A2c5574,0.0015
0x5f9f50be4926bb7582fA595982A64BB4d29Efd2c,0.0015
0x0978D5998b90aD2943db066C473a7D5Cd580FC87,0.0015
0xa43628792C6d39B442B848B586EDD5A0bFDcB586,0.0015
0x451243e3DbC91CE6FB157C3a7fF40Fd2Db324891,0.0015
0x8cd5C18d5Bb51e7Cf0146Bb493EcdDCd1CCa2878,0.0015
0x502c8660f25b994201ec2Ef3f19b21B6B6c3328a,0.0015
0xe67959632dc7a106C5eA1D7d33731AdF3D815056,0.0015
0x4AAc4d87128044008eeb065e3FFb7c001D1a01FF,0.0015
0x21bCf200a67aF820d31fBa7BB355A3eA1b14Dcf4,0.0015
0xE6d585DEe301B0f23CB5f55dB1c247bB6f2F17Ca,0.0015
0x7Cf567688Ac7C6E51D53E034C8Bc8bEC61F60867,0.0015
0x67A06659554Ca5aF7FeDdA8ddd1e24b2153373e4,0.0015
0xB50F3E1cE16f322d71c24fdF8FC7689E797B7314,0.0015
0xa1A016B52b062c6e32B0BccbA20aB4F130861534,0.0015
0xD98075a16Ba2C3243B0f12015869d11486D44614,0.0015
0x5EfA1d3a2ef3D85269803fC8802599086eDe850A,0.0015
0x4325b8Cb0E14eDc61E9e2dD9ac40406c2F8EA9dF,0.0015
0xa3C615abA939b5Ab1f8E28Eb8F90576eD4CB3C91,0.0015
0x0eD17C828B6d18B59619419a9FDDfAb2Ff75d838,0.0015
0xf4Fc461C8a58684d6A4e969d693422b1bD71c981,0.0015
0xB9e7CaE2601c0f0890B5090E2ce55A917E05EBBe,0.0015
0x152e77633236bE29131ea8f241b19d4974fEF7E9,0.0015
0xB65424e95ed687828Cb1fB20595E8859cd06c79E,0.0015
0xf3a1b08900aEeE0c87243d0DD66e52655b76f42E,0.0015
0x27C5685A0495b333ACd408f5CCD63E5EbfCF7087,0.0015
0x3561B054757903cE1bAc68e6110F4aBdc2cF52AC,0.0015
0xFC68e55de540AD3FfF5bC92038FEfAeD494FfdbB,0.0015
0xe63a2602395eD9E49255D16d5edf27835b15054b,0.0015
0x9287c5C44b2B400d78FBFB9f6bC1e751591f811D,0.0015
0x8Ab9b7cd43beE6A6ceEC57A23BC76945caA60d74,0.0015
0xa2D99761297722Cb1812bf000F4c49284B9dD424,0.0015
0xa959A5dB741343d5D8D644158adfaB72170cE61d,0.0015
0x4c995BC8bf92e88EE09987dc7f70B26b15fc61d3,0.0015
0xa01594c9048CC6bD659aDDBf68e782aF96Dc1bF9,0.0015
0x83A8EC7cA4391BA14BFb9c5fa977f5655110Fa8d,0.0015
0xc35E853Fb07C84cfd75B74c35CB035D8823d9Be4,0.0015
0x38208bE74F30EB1A6B443C6cc29F610950231f33,0.0015
0x0be834a482408ACF7e83DEc61C664b40F36F6Ffc,0.0015
0xA527A39C6909F020b0f789a1832b636DA07145cE,0.0015
0xCED242f354D836CA21229439Ad815eE72b911F35,0.0015
0xC8AD4707cF88b945caa35c4Ba252B5B3c20dd47F,0.0015
0x382ad2761da2802cF6546965E41699694E487e1F,0.0015
0x9dC6Fdb9B49FD5F914F78A95C3dAf6DBb2ABA580,0.0015
0x56295225DCA7c9c7D3D31a86027A2962a3C0e0Ae,0.0015
0x59f6babdaB5E21686CF6FB7fADA941D7785CACbF,0.0015
0x58F47917a140dff702A21CC977f02C2A2f9eaeB6,0.0015
0xE74697a1Cf2e14043a12C75E3945dB58004DaC82,0.0015
0xffb8876988B4d9EfEF2AE6Ac04A54559C31e4c97,0.0015
0x15668346736C7Fa3dcA1F48B9Dec81c03235FB69,0.0015
0xf4DCd8Dec6851E69B047707c833b1FF4c6741d1D,0.0015
0x3D3E1Bda28b9A5Ff0b997d9B8128fa9b766Fd9d9,0.0015
0x7579f3Bb1da970b870F9C7B01b5eF867b5D8390d,0.0015
0xd311A046bb0fcB06f1955f903BAB6fDD594cbb55,0.0015
0xD488247Bba73F61d2c5684e86586184a100fa7ef,0.0015
0xfee3a71da3BD52878D844A1137730c4eFe94BB4A,0.0015
0x2E6f6a521E27e32E701fb5C37D6Fb8bd870C7fB6,0.0015
0x04540dC536E13ca619955C9EF7Ab2255bd96b84F,0.0015
0xA14775910a872B0a6BB6D0c7E8395E79A529EDf3,0.0015
0x310ac0b6A819D1Ca5AaEED11dF529AAe67dEB5E9,0.0015
0x636bAB18757c11374e79cd6F11a01acD4893C6DF,0.0015
0x4C2dD063f05E9089c1e85b5757ABb34c2c065a59,0.0015
0x578B07d1e33bB006d539E0c3449dA0849352CcBA,0.0015
0x59F9bb982D4e53aE3Cb01e499FaD255ed656Acf1,0.0015
0x5a44437b53d112a33F705b834Ee5B917A21Ba87a,0.0015
0x536B0Bf84CFEa5a9991E01FC21aa41b31562B3Db,0.0015
0x64C7504CfC8bcB1A39E31388A4F379c71e7ac03f,0.0015
0xC59926eF451d2A2d4B5bD23a6e34CA197481b0f5,0.0015
0x12e5362454b6AD3aa8b7c515a329B6d78F88944D,0.0015
0x119672Ec297C29C41C1432d0d617dC73A3AA2882,0.0015
0x49Ed70E760980a5c5757472ACe55B7263A92F7e6,0.0015
0x58930BA93Db9451890475Cef9FA408Bf0fDB6951,0.0015
0x7BC0D19Db96Fd8FE934E3aF6C26B383487378948,0.0015
0x5d651d9cF4EeBF5ae478B908AF17b8bC65587d64,0.0015
0x9906E8302e6B7B7Bcd64e9f321BEba60175074f2,0.0015
0xBf5f500642FC3b056533B693ceE33888dFbaa460,0.0015
0x1226175d311DBf00b023B24fC57349dF7C1e88A2,0.0015
0x5C7F5833CcE2EE6579Ffec41302cBbC067901dD2,0.0015
0x79a42aB8a3bB0A13aa5bD366D4b62b207e58f4e2,0.0015
0xb7DabB3eEeAed7543F39C149BAb489f0b7b9fBdA,0.0015
0xfd265E6F598016Bda205065bF8583a5F5f3EFb01,0.0015
0xE8f25950671DfA9B65F784Ba5Fcab6235B527D89,0.0015
0x86678E3460134FB7aD65A94B2C4A0A42FEf83e46,0.0015
0xA3341c0659f9518d67B4a32DFD21AF0e80fA728e,0.0015
0x0246131Bdc07260ACA7C3292F4EB38948597E9f3,0.0015
0xD170939439639585142416896E09BCD05171426B,0.0015
0x30514C46E99D92635C8e125c250EeC1D6da19F07,0.0015
0xF7D2Bf85F5f4Ee5C0409b9E1DEdd50C6dDAa3e8f,0.0015
0x4E1cD65f5458787E0456F39b05836480f416d13a,0.0015
0x9bAa6C6BcE9c30F1D9538364b6b9FC56cF946FbC,0.0015
0x5d2c59eB2b9965D519b4e3645C3a8558CfA0F872,0.0015
0x9A917F0157347D0967a2ac6F160A02A637a7a126,0.0015
0xD631D0C7c17Cee6516A9b011CC305F0BAc6527f3,0.0015
0x7a93C357179E8e9c216236b6937AE3f45b261630,0.0015
0x73B12a2E4cE7a7DDd26e3F50BfCFb9C7A6159fdB,0.0015
0xFedD4BDcaDde1AE2cC32e5c5Cf2396800446a884,0.0015
0xb73cef2B4f4A85b2bb612B1a9cA8fa86bCAAe6b9,0.0015
0xa27cE695B311a710Ee228ac618e6e8386aE05285,0.0015
0xF15C43D3002D42AfE5B742515bC93cF8382892df,0.0015
0xb987fEf4005D554FCdFc9CdE5a31376086070E0d,0.0015
0x211469294d2636B1D63F4dBbeCe71dD866c6dF8C,0.0015
0x3A8499272b334f5653F75477eE3f39433f011003,0.0015
0x6CbE8525a0fff7204a2F6deD4345567dA3DaF36A,0.0015
0xEF4AAc21466E2619B13647Dd3E56Ea5DA54E18EB,0.0015
0x1F0b886e51E78f448Fb3F38102dE0Ea430335734,0.0015
0xe220450a083029AdE83efc36fAD08e515443FA7C,0.0015
0x0C48f416d287919775bcD84Ff63E9Ec7886D1474,0.0015
0x499e179325d6D81e85c8DC61b82D31d74F9f3e72,0.0015
0x8ba0c18D348890f757109e43C340a7D49E8177c2,0.0015
0x4df3952A40ba98A4a59C35333d359569E712fCb7,0.0015
0x9491F01550609D4d739EFFFDCEaB32a84d745219,0.0015
0x1Ba4d2A25e1e2B037345e5A5BF496BA27b79B4e0,0.0015
0x6529CaF60fbe8a4c4C785B8Ccc03363E5d097D91,0.0015
0x0c03201E7ced6F907397a4aDaeaC11085e019e11,0.0015
0xadacF4F8dB6CCC07c21A573d76866bCc8f020dFd,0.0015
0x8c509E17D4098011Ab596F62b0bc6eCe84986b4a,0.0015
0x7be16b9901abf20C75000769eb39bC74C5481d73,0.0015
0x9FaC4AFceAE5fA4B2b51745526a036F4Ba413B2d,0.0015
0xDCef391E68832160994814c22e3d099f0980e778,0.0015
0x6b4C511164600e4cb29611014d19A76C04E4ff63,0.0015
0xA94e3c7397c911b11816fc93D26CD83652d74F96,0.0015
0x5EF6F36cE8AAf7909607277ca465e712B57C56BC,0.0015
0x84665e7570d326559A24186837eC9c6Bef48A394,0.0015
0xD7Fb5CEF5901b0D1d3A503BCca32Ac78AEC4a12A,0.0015
0x07FE5f0EB6DC677b5f5816ea840446343d826345,0.0015
0x90029ccdA1A47e1087a09069fA02124084a619Fd,0.0015
0xe5adA97aF3A69EAD4eC044CF4a06C78512Eb50A1,0.0015
0xe4D0bb046831B68207b81533cE3893A76200f456,0.0015
0x00A1e59bcf50F07D15af52b3472bC913A71218A7,0.0015
0xA9c9CE50C12F5E8380eaddBa9f6555c637aF8b5a,0.0015
0x2704b752945ac8948E3bBcEba6360E198F97a178,0.0015
0xd198884ba0D4FC32890c91130BeB203A80983756,0.0015
0xA79466BD8F2a27Ed944ECFB3282aC6a74817e2e3,0.0015
0x8ad15563Dba1DA8391Db168dbC3107B1676Bd49D,0.0015
0xd09C4C1d4Fe90B3Ca3A208646E0F1539a0eB6da1,0.0015
0x2EEE1E283144dfEE1d86208918901f2c5B820C6F,0.0015
0x0417d8622007Ee4676F85dcd412484E9f1E77a5b,0.0015
0xfc5F2044dDFB536F5f2C816de2eA12dE45A82917,0.0015
0x07e52321A976B42269F4E073b3196f84CF054FA4,0.0015
0xeb68d73D774eE5Ae7f024e11Be1bb7BeCC302d44,0.0015
0xa9c8432C367de5d70D92F97DeD06b91DB2aBe7EB,0.0015
0xF3BE4382E62f7F8cA8b5bc4F54909704A42425B6,0.0015
0x6eaed0Cd8901F261dcCeEe90C10b0ff44E4a6699,0.0015
0x8922D06Ed1085Fa89822FC6c44C8B92f0Ace9198,0.0015
0x53e9b48d372CA93dF5e3621d5Af32625c95daD12,0.0015
0x660867A84f2a68942480fAe197e75774580E30CB,0.0015
0x28c431520680Cf3B5527356Cf5FBd5b6b887b1d2,0.0015
0x94a003C54c8213410F67B0ffdd50D021E2F0dA97,0.0015
0x0C56eC27b862c6597388f5062F44469138c74Ee2,0.0015
0x22CCa78281D058891b0921c01a36955AFD58d78D,0.0015
0xec29eDbae59E7695cc839cB8ffa6C95E7bf55dAd,0.0015
0x78012962C9C2fB832f1c3cD4af00A80D1B649FB1,0.0015
0x7784cBdE344361B9482F78d4c3C28D5481b0E0Aa,0.0015
0xe7Dd5Ae337c749490B252030D32F5D59F279762F,0.0015
0xc52d9DD89f2Be6AD722Bfd3FeA08D3E3594CfF3e,0.0015
0x64cf1b390aEFfE7B1CABe75aBAF8Fe3B886DC690,0.0015
0x3a30548AD3507FdA58023241f83418221f75522F,0.0015
0x56235c9412882AE6ec36530B00C978E1e4f430E2,0.0015
0xbdb759ae3C2CE156Da009DEABfb6008d575446aa,0.0015
0x1f00c31cE7e0cF390d3991137aa8183f3009a5c9,0.0015
0xceFF7b803c38b92d2Ff6F136557e394749Aa90E0,0.0015
0xaF1482687710deE6c0C05BFb18c0922Db01735E5,0.0015
0x1EdAC351dce619773164784C4DeFaD8948976F66,0.0015
0x7F03d57d3225A2985D8B81b8CEccab13Cb0a3e08,0.0015
0x260442F99888F4e0B245dAF8D94Bfe811371A87f,0.0015
0x15F305b6f2FA84ECfCd564E176b66900A148f64b,0.0015
0x503F8515B239922A78cF47e4A1E8c6EC302a8e76,0.0015
0x48c6cA0A0C8376DA07781C522Afc13DB4815738E,0.0015
0xB4f290BeD34dD7d1e785681a4E193d0560004D53,0.0015
0x3c5c04d38A83Ad549E1921cA049A73799b15751D,0.0015
0x6825ea41c544086ed79B83967E27Aa85b659A603,0.0015
0x9090d47c9F150Fe9d0e89310Cae8bDFFECaA23Fc,0.0015
0xa67e10a782776afcb02101eba77A0D29b06BAFD3,0.0015
0xC0a88741846a481Cb516852DCe062f06A6Db2137,0.0015
0xA113b3b2830deea0fbf8Deb8c128b479c0e4845e,0.0015
0x6A7Ff677eBC840d3a462530Edc8CDFd95C3a9d38,0.0015
0x88Bcc865D19F88cb383F68F3d119F95d711a5aD5,0.0015
0x0d7f8647Be4e2B754DA1c14E25763f3BC73056bf,0.0015
0xe7f0D58C3C9A6CEf893F52e0d46b75DdB704029a,0.0015
0x2920Bd30F7465C0e305b5EEd9C7800CE5ba4b12B,0.0015
0x790CA6f4335619315757958d98A46f9BBaeC82Bf,0.0015
0x75e23A6f3EA58EbfbfA6e9089EE4F5306A128310,0.0015
0xf54dfEdA8f1bfDc2e9452a4479224e6C4f9C25d1,0.0015
0x8e668c7f2A016d71C7e6c6370E1eB62291Dd1216,0.0015
0x2B240195efa18e88D0eF8c6968D5CBC865B2a9fF,0.0015
0x08037426d3C8351b0AD2d37D1d2e0129bc307114,0.0015
0x094395D7Dddb8A2Bf4B0184839C8b7Cd312dbF66,0.0015
0x22A4d229d1421cfAD238a1036d306947f7c951B6,0.0015
0x0513B4F0042eAAB7B20eeE142610106A8ed0b8C9,0.0015
0xbeBdBE918463773DcfE42905EF71861fFd18647D,0.0015
0x0e532309b43AAEB646fb00Cd421CCEF5C9FBa314,0.0015
0x0a9A0a64C43c3f78D7FE3fc5343Be76bC16210fD,0.0015
0xc90AE34546bD255142D116a64520a64cc2a9D27b,0.0015
0x6c6b525bFB8a3F93Cc7c1fD24F6C2Df105180441,0.0015
0x4A467574CD8c6A06F6386Aa450149074ba815818,0.0015
0xDFf423f17C054a2cF5926c6c81Ef7F042AF95c26,0.0015
0x140c27083c316d2ceC860995f38E0eC3788D7623,0.0015
0xf2403f22389Be3c0fcEd170FCf2D33Aa1C8956b0,0.0015
0x8673C9b85e502aB23a2053c42F04291166602E45,0.0015
0xc80C2cf21D3AabBFB3a405527de47397eb9EA535,0.0015
0x48475e25D59FEbdd111d9366375230d195bbdda1,0.0015
0xcE7957A94121fd8B9f2C4ea05dD15DC147873770,0.0015
0xC53b21c440976270a6dd6AF40864ECe7Fd8e50Bb,0.0015
0xbb74d2621822aBBeEfdc413b46C6e51E9deE23c7,0.0015
0x51bD836B1DEC031e7c2a5deaF420Bb834e906c21,0.0015
0x6cA10BbE39eF036B13bfae9621cE162a3253ee9f,0.0015
0xdC79e778d2cB51cF313651EE0390f0c9Ce1f7D8D,0.0015
0xd9a803b8857B4B1525F109c803d39F00EC110EEB,0.0015
0xB598D507d508DD5299203092c1ce7060AE0a8639,0.0015
0x8bD63a616eaF552E2A25514dF3D87d23a691fCAC,0.0015
0xDf6E0a97A74B3fb397445c9E49762E9BFbA9d241,0.0015
0x8b1976F0350263d2Ca3D9AE8567Ab22C29265218,0.0015
0x4B92B8c98BCcFc94463607Ccc3bFAb21B7F04924,0.0015
0xee1995eBC9034650305BC4533dd035C2Cb0D0091,0.0015
0x3C9465660fc2104DE8Bac90e77661Bd327B1cAf0,0.0015
0xd64a02be0D309b900c1215D4D133E0946DF57cA5,0.0015
0xe70C795eCFaacE872976D8178ffA19cb64e7d591,0.0015
0x90b48446FFed1B96bC87c304d6ac2fF68c374ce6,0.0015
0x4AaAca2B47302733f2495c3E2c25b2f58e7ECfE1,0.0015
0xa18a04C1080e5bfD09f05cdcEDdf34a66ADF7a67,0.0015
0x2DCc4EcE04fdB86Db80ae640F145Eb791881D3E7,0.0015
0x64eF34a8421A81feEda1a1f830be0a944731B172,0.0015
0x8aa8289139f36786c94770f8c0983476F5dC78E7,0.0015
0x666b1418aa328CD032F87A574B4c0C8feEDda094,0.0015
0x034E972a89cd098B3C492D5665A2798939d449DA,0.0015
0xD92872664000cAA775B124F590E27ED49B211Eda,0.0015
0x048b0A32d02Dd1A1F42b437019261dAB7D19BcDD,0.0015
0xe4449A808FaF893dE19Ef911dcF47a25f1A49345,0.0015
0x560689D0c5C8b75a029Bd11bB74CEB34C1543471,0.0015
0xe1e138aA897bbcf26B5E7994c84Bd42E642a6D63,0.0015
0x05C29e4F4eAFC42d5183718f7201999aBc48150C,0.0015
0x4d1889a581AD357a707b4E577A8302Dabfa07eaA,0.0015
0x6c1AC00EB91a0Bc938819E508f5F7291c756c727,0.0015
0xE4215aAec6D3E90c1654ea0F1DA4D72cBF212555,0.0015
0xA73e36c16D9b41BF1DF15Be58e04eAeD0C2Fb2e8,0.0015
0xEC7Ec2801277AEC02bFC3237831422dE0d6afCE1,0.0015
0xb57f8c22d3Ac769E02B39b4ac3330005CA2c131E,0.0015
0x07d0b49069A99da60FaD74A469C1156D4B5C2adA,0.0015
0x29a42861F5510d777Cad25A523A178B5e231075f,0.0015
0x4e88634D32a2d6cA4f6F4C4bE104E46411a6e355,0.0015
0x275e6f58c6063669a31cf21e35F850EE1aB38d66,0.0015
0x0086d4afC455eAFAf5C8518CB6CE0F66a2827c52,0.0015
0xb94Cc2Eb645a266ff1fAEa0e1c9D536c9518DB50,0.0015
0x0817511d8602033Bf92f98F3CA74C4BB7380C07B,0.0015
0x28Be0AC8B6c7bF46604c3acaeBF706fe35e4393e,0.0015
0x965d63833427bc73b54d5F6CDfa26F8B6C1bC82e,0.0015
0x195B2682DD816f816cBF887f2b103B421b02F524,0.0015
0xBAd439Ab33A4699F9E3255c9c33B057Ee9e68EA1,0.0015
0x15cdCb970366898c63Baa047dEa2256369259dDD,0.0015
0x000eeC35a434fB38dE7FE375829c52234b238A02,0.0015
0xF123E144963B018bAc28595F61DbB37BDe341CFf,0.0015
0x5fcdD2027176d81E9Faa29d253905A6B623A4a0d,0.0015
0x32d5307ec000d711957f5BC7503e3d7baAef6C81,0.0015
0x0e9a67184C89C7aca8680457e83E0A8234DB2148,0.0015
0x96a614cAa1F404699b69902eFbbd0809C3E30B0d,0.0015
0x169d4c3A619b1F41AF7F3ebc9bDF013f3Cf91Bd6,0.0015
0x12438C99bEc107C2B546d590A6fB8b8304A00675,0.0015
0x363a7592644AB70cdAA4708DDb256059516eBB3a,0.0015
0x66702Ad1a31BcE753BD3C0c771ad1c4383B28ad6,0.0015
0xB8155873187b2c752Daf3d847Bc9F45a71afFfB6,0.0015
0xa0ce415b65eA801Af5E5555E1F3d269bF83d1b04,0.0015
0x51706496A287a5f58275dE5438870287b7E36D0c,0.0015
0xa8798A3479373E88d9362271Cf0e440fA032D9b2,0.0015
0x4C1cdb14f71D6C69Bfb24d6F9fb4C367f1A96102,0.0015
0xe2a211DC7aD5eDBa165a9d9Bfd2353F292d737ad,0.0015
0xdC47603F254fa70F568091DCcC171a4a8B30BccD,0.0015
0x135ef6F6b393e67f5Ca8bB8F0029Ba1033355A80,0.0015
0xDb767Fb456E0abE789d65cAB61546FF319f0B11e,0.0015
0xf74FaA989877f2fEBadC228DA00c889064f51249,0.0015
0x51BF87867E40FA731445a92076E62F0e8FBa3ca7,0.0015
0x16601374d4819E3BEB52E8BBf896C1166a8CB299,0.0015
0x44D48425FE7e2F5Ff09dB77aeA6E2a6875883Bd4,0.0015
0x10B3f35d4B423FD5F1417F235299bbcc89980c3D,0.0015
0x80447366580fEb7071758978FFD10Ca69Dc28A7f,0.0015
0x1ebC9192f37Ec71a1635e2C0910f21e0e27a3725,0.0015
0xe8407Eb65Ac8c0a482fc24b9e472a039426Ca57D,0.0015
0x87D50F13c4B2f1096baB535B32eE00De30B2f7e8,0.0015
0xab61f7355544bd8869813DEC5bd056575a6dc023,0.0015
0x95fbabC3512721A21725EEEb4Fb00E38578b4564,0.0015
0xCe1a84B8A9c862A1A7d5EB3Ec4971596a239c1df,0.0015
0x19A4Df5e590Ec551951ac342EE7Ec19Eae063766,0.0015
0x44FA86B3872aBB9B8F3387cc078b218F07620030,0.0015
0xe7cDB0e9A1A02fF49e9349b6B7078c39E6180D63,0.0015
0x1Fb903C4E492117c2a79E20E4bcb330b72A63EA0,0.0015
0x25728201609213a0BFe4f55e298254d34189DAD2,0.0015
0x4E8e65221d80E80da44214Eef672f5B1ae44E360,0.0015
0xE6001009E857FC4dD8f8f79292d5CE1683D41CB6,0.0015
0x617c951dc17475f139D2C7cb624b5ff6C435D605,0.0015
0x5A9F1b5B1cC2d1490bDb4453832A462AaB1A3571,0.0015
0x0554D1669E592cbf574dB0CAc1B0f747724F1FAd,0.0015
0x6b075171e2bCAc5b151353d09Ec886f77Ba04c8A,0.0015
0xb641e9bA3b7D55c48968571fFD4Bd5a7535C752D,0.0015
0x4Fef5b84676e53196C5a5d009A6D9EcC07A2D065,0.0015
0x0BE78e0C4BfB0ECc5a7785DE3Cffa9677C2869DB,0.0015
0x4dd533f517D5D662F83c4AAe6Fb9098a9e9aCd66,0.0015
0x51f26FD088760F2D596C909F5DA8d007e2b61720,0.0015
0x659B56dF6B3428DBD4AEE746CbCCa77B8E73e0ac,0.0015
0x16b443c29022366C8D9903361Ecc5bEAcc0e5ea6,0.0015
0xaBbC4C8E7DD405Ab836C81B27350A72419dd31e8,0.0015
0xE6Ae136E9B0f490683320405dE8DA21F9d8575c2,0.0015
0x537A9Ea913e7ab4947217783a0209d8847bB95fF,0.0015
0xCC5843C22A0dC91F25B1323F345b5043a4661A1f,0.0015
0x5d733A2e36a84AE1915fF490d825e5202Fb82089,0.0015
0x3a9827378E4c8C83bF155431597C50A1648152E3,0.0015
0xf6DfdAcd9633C4e1A19F4dB924Cc45dbEcb31288,0.0015
0xcF9892566C703530092808C9eeA4656BeC51dEd2,0.0015
0xF2212B6963BecA12F3aAE7Ec71B1Fd901dD7243a,0.0015
0x8B00a44400969A770d310b8f88f12AC8767DABc9,0.0015
0x390F485Df3a24092d254C2767B1034701b90C5DF,0.0015
0x790A3dc374441EAB08A31134B39E588377c7ac01,0.0015
0x9995cC578e76eE3a56E4D27C33Da5Cfd914E8C89,0.0015
0xA7ADc09C23617Eba8beA27fa307c322A55B377EA,0.0015
0xEbbB4500E853a7E48AeE1fc76b5A82705D53Ef61,0.0015
0x304b8b716A522e1413Ba86c3a040Bb6A1CA03799,0.0015
0x7B327f7d1f207d88E0b02107DCb01730428947D0,0.0015
0x5Ef89eB04e20218C5eE7c9541847eeABFfB69d8E,0.0015
0xDB4a0Ef044497b3a8342754503D7967572c7Fe6D,0.0015
0xF3aF601E19413F633f0F7aE3e5621AA1363B5B64,0.0015
0xc45d2CF47A1754864e2DE0020903706592411bba,0.0015
0x3a6209337E6830aDCfDe568CC2de5F6B763D7E3b,0.0015
0xd7DDcF8e769900253F2c641E75607F51b65Eaef0,0.0015
0x5eF40d7B8C73D3838178B43b7c6f0C5a340b18BB,0.0015
0x293AbB1087994F738e7F13F29114Fc0a0F24df0f,0.0015
0x60420FE6Aac73A555d7EFB780393C86B288BF5eA,0.0015
0x07DB29FD1E7e120D10efad20fA76f53c90d446fD,0.0015
0x1C5Ab648fE269D30992E3DF794A05fE680dE8E14,0.0015
0x30F61689dB8f4A45CDfFBF057FB39A7b525aBc4B,0.0015
0x784D70E0BE8Ca017BBEe63Bc60601dd0622Af36B,0.0015
0x93D5c9B87742aB5EDcc7aF4EF07Fff92d16A512b,0.0015
0x4143eb92ecFB188A0a494299d23E5D5e13C07691,0.0015
0x3f87973fE741e6e893c8680c6371B3b839B5F69E,0.0015
0xD8Ab723147Be850179336b4b4E83b4138f8f1E85,0.0015
0xa2E22904CE7b434B7c9376Bf14d97A3BeD5e5f92,0.0015
0xdFA622f3Fe789e98D7a10E10A0DFBE53301f4c74,0.0015
0x4559eae2eE410623e41724BAC80b777dd98C3CaC,0.0015
0x6e5DD80d1D5C0Fc3cf2791388eB7a8228ab70BAd,0.0015
0x0CBF168fdacdDd31b58C48207aA3A283c0301397,0.0015
0x0A4bef8084C75e02fae2CA58F090a152d36FDc2a,0.0015
0x1AC7A53b66454A9bf0C3059a1E3b36E632fF40c3,0.0015
0x9495141dddED7D71A9018a307d7dfA96c21e6ED5,0.0015
0x9343fEd320e58854169af9f50FEF44B2bAfC46b5,0.0015
0xD0d4f5f70ce2e15C09a338607b3278592a202E9c,0.0015
0xF70c6a93E255B00B4cAb974d69D0B37BB29e2466,0.0015
0x3dE3E5C79aA28F1693b83a57CD2ffd08bBf05EcB,0.0015
0xeF327e3d59Bff7972963447d05C842337237651C,0.0015
0xf3f5A06705C5daEBBA4754F1be36a09127DB04A7,0.0015
0xdB363a92ED79F26c055D5Ec69b3A131F86D4E0f0,0.0015
0xE5B15E7CDF4958c2b60B2a5E2EBE4aB4D16fD3C2,0.0015
0xd9E2Ad763452BB951B6488dc71AC0A7981B4386F,0.0015
0x9BC970E5cEefB3d2a220297209937De124aB8CCD,0.0015
0x12b1068c61C2F7B8ac6bd24AE18dD67d7c85b637,0.0015
0x5e1Be65102792eF2400Ea0f5FC07778D40746ca2,0.0015
0x475c67b9Ede245ac42712f0C7950aFbECDa4F78F,0.0015
0x14936e0E7c2BB75f2730E876feE3121Ef0FF479a,0.0015
0x438b04df7958e493198265046993b73447679BF9,0.0015
0x51708Ef96D68727CB7B7113e077248D8f2bEF4F4,0.0015
0x6168d4FF335FfcC9f2FdCE8809717C874B3AF919,0.0015
0xC6E26703004D1d90DB7DAC8fcd047c043d197e96,0.0015
0x25D32f29eafF1E4EBe9adeEE4a279f13DAFc1Cef,0.0015
0x4E9c7764036139BB443411ff49C961E48Aba2662,0.0015
0x1C51e3ED9A0Fd9c9bf351A763A1fB24d12C2282B,0.0015
0x434e9dcA7A7B870d82cf84c534882B7841c2C91D,0.0015
0xf05c0409dF804F120D4E6A15f0B35a2F93cf0857,0.0015
0x0Dc633aDbc75AD6711dc7A6c15CB874B518EEd1e,0.0015
0x29d5Cd57B58A15090C1F955B5cD6870C932b3939,0.0015
0x17bC5bbD2F9862B8980DDa430450d581238f3755,0.0015
0x471A6942EBCE5Fb754b26d87F0a17df7f09b01d4,0.0015
0x5A433565d9dB51Dc765bebB612Af369547b379e3,0.0015
0x0E4Efa1caCE346a84DF825504a5833E64473fEfA,0.0015
0xdCc81Ab101CcdDE94113A0879105bA2B1C060b09,0.0015
0x53A6a6129dA282e28e336fCB679BFC0cE6f306E2,0.0015
0x4d4960D5e2DaFC7De3F3c80edF37e8cA32cEe3C1,0.0015
0x6994f91aDf7BE2944c00779F1200e56fA4fF0Ea5,0.0015
0x8B754992a4ae9b6e7ABC7C60F68C341cD2A2b702,0.0015
0x5f6f9D766A1755926716f551d383A585C32BB960,0.0015
0x8d919a51F92E797dbFDB37964f9118dbFeDf8eF4,0.0015
0xB12ecb17680781e31666794e207B23bB7E302938,0.0015
0x9abB5e45C770043B1d0472C4d9C1b36bEA7d5081,0.0015
0xCdFfD4e5Ca1Ba047924410Ffc351F598AE6edd86,0.0015
0xa13e290595673a08171848bCa9eC57Bbdaf9ef73,0.0015
0x8A2b8a7551641879E2542fc998a48eF7Aa4EEbef,0.0015
0xDFF6b7d6C7B29016f1b437b1eccbb030A7FD8990,0.0015
0x32469a902CBF030FB35B2bA43e42B9B3B91A0A91,0.0015
0x3cD0da52E377c130868633B20f13e267454251df,0.0015
0xcB607E3199124AE38641b71a33B6acb9a977f8Ab,0.0015
0xD8cA5B2c8C5132dffFE6d6EC8a978e1a042a46B3,0.0015
0x27410BC7a557d22061B137A493f233E4b73AaD3b,0.0015
0x797822CD0961a1e36FDAffaa58ED7EA027c942fE,0.0015
0x62be2444cb3600d211c9C876BFEFEc79736D3e53,0.0015
0xE2b063A0fFd9d1d94DdE07E1E74078ca46834D82,0.0015
0xb02A877110f58DAd9aE0412d6eE6C0178D4C51c0,0.0015
0x369a87E02189D57CF366149E9389095b713279C5,0.0015
0xD95A6782993789c2680d5e1916493728EA1fEB39,0.0015
0x53C44DB54319Dced2c0c1D192A811a2486cA1AbB,0.0015
0x3754a768636B15c3EA742fB0D9032EB2beC3eABa,0.0015
0x2B50E408C7b6e748f7401aC168D8B0b3D0aAD1a7,0.0015
0x9c7989A408F9106Aa2cAa7d0eD8E12b48269C032,0.0015
0xfA8c8229e3F19c616103f68a690994D0BA1eDBfb,0.0015
0xF5FA71C445A27949fDEB2E6866afCD92Ad0C7f53,0.0015
